Country,2000_value,2001_value,2002_value,2003_value,2004_value,2005_value,2006_value,2007_value,2008_value,2009_value,2010_value,2011_value,2012_value,2013_value,2014_value,2015_value,2016_value,2017_value,2018_value,2019_value
Afghanistan,,,,,0,0,0,0,0,0,0.01,,0,0,,0.02,0.02,0.03,0.04,0.05
Albania,,,,,,0.01,,0.33,2.13,3.09,3.58,4.38,5.49,6.29,7.18,8.4,9.23,10.53,12.56,15.14
Algeria,,,,0.06,0.11,0.41,0.51,0.84,1.4,2.32,2.5,2.68,3.09,3.36,4.11,5.71,7.05,7.76,7.26,8.32
American Samoa,,,,,,,,,,,,,,,,,,,,
Andorra,,,1.64,4.92,8.24,13.11,18.05,22.41,24.65,27.16,29.01,30.76,32.64,34.34,36.32,39.35,42.03,44.52,46.31,47.13
Angola,,,,,,,0.04,0.06,0.07,0.07,0.06,0.07,0.08,0.09,0.33,0.55,0.29,0.33,0.36,0.37
Anguilla,,10.67,11.83,13.73,11.9,17.81,22.42,25.65,27.96,28.31,28.2,28.98,29.72,30.82,31.18,35.02,,,,
Antigua and Barbuda,,,,,2.07,7.12,1.86,2.7,5.84,18.46,8.09,6.72,14.46,17.1,11.62,10.69,9.8,9.43,,
Argentina,,0.25,0.39,0.68,1.41,2.38,4.03,6.55,7.77,8.67,9.85,11.06,12.33,14.81,15.29,15.92,16.6,17.85,19.1,19.64
Armenia,,0,0,0,0.03,0.07,,0.13,0.47,1.38,3.25,5.58,7.35,8.39,9.37,9.79,10.19,10.71,11.77,13.04
Aruba,,,,1.44,7.05,12.27,13.84,15.8,18.15,18.53,18.9,,,18.61,18.5,18.21,,,,
Australia,,0.64,1.33,2.63,5.09,9.99,19,,24.92,24,24.87,24.63,25.04,25.72,27.7,28.53,30.39,32.23,33.85,34.54
Austria,2.36,3.96,5.54,7.35,10.59,14.22,17.28,19.51,20.73,22.44,24.38,24.81,25.05,26.09,27.38,28.29,28.85,28.47,28.35,28.06
Azerbaijan,,,0.01,,,0.03,0.05,0.17,0.68,1.12,5.26,10.65,14.78,18.24,19.97,19.74,18.53,18.34,19.01,19.34
Bahamas,,1.37,2.45,3.49,4.01,4.12,5.01,6.08,7.42,9.04,6.96,4.31,21.43,19.74,20.82,21.65,22.52,22.75,21.06,21.13
Bahrain,,0.17,0.68,1.25,1.8,2.41,4.03,6.59,8.4,11.77,12.48,22.81,22.72,22.82,21.52,18.45,16.3,14.32,11.76,12.49
Bangladesh,,,,,,,,0.03,0.03,0.22,0.28,0.31,0.4,1,2,3.13,4.17,4.57,4.99,4.96
Barbados,,,,9.96,10.76,11.56,13.98,16.91,17.58,20.39,19.92,22.13,23.58,23.85,27.29,27.43,30.4,31.21,31.17,37.21
Belarus,,,0,0,0.01,0.02,0.12,1.79,5.06,11.58,17.69,22.28,26.89,29.56,28.46,30.76,32.48,33.47,33.87,
Belgium,1.4,4.46,7.87,11.93,15.46,19.06,23.09,25.52,27.67,29.04,30.84,32.18,33.31,34.33,35.75,36.51,37.61,38.35,39.22,39.78
Belize,,,,0.35,1.02,1.77,2.49,2.5,2.62,2.65,2.76,2.94,2.95,2.86,2.8,4.82,4.99,5.06,6.44,7.58
Benin,,,0,0,0,0,0.02,0.01,0.1,0.21,0.29,0.4,0.43,0.42,0.44,0.69,0.21,0.26,0.24,0.22
Bermuda,,,,,,27.9,35.69,43.55,51.5,60.91,61.33,,,62.28,54.24,47.1,35.98,36.18,,
Bhutan,,,,,,,,,0.31,0.5,1.27,1.91,2.39,2.88,3.47,3.83,2.24,2.24,1.43,1.15
Bolivia (Plurinational State of),,,0.04,0.06,0.1,0.14,0.19,0.36,0.82,0.97,0.95,0.72,1.12,1.46,1.61,1.66,2.61,3.39,4.44,
Bosnia and Herzegovina,0,0,0.01,0.04,0.18,0.36,1.06,2.25,5.02,7.82,10.55,11.75,13.02,14.57,15.58,18.52,19.56,20.9,21.55,22.6
Botswana,,,,,,0.09,0.1,0.19,0.46,0.51,0.6,0.95,1.09,1.05,1.59,1.74,2.73,1.47,1.78,1.95
Brazil,0.06,0.19,0.41,0.53,1.72,1.74,2.53,4,5.22,6.05,7.2,9.03,9.59,10.63,11.82,12.46,13.03,13.91,14.91,15.43
British Virgin Islands,,,,,,,,,,28.44,24.75,25.78,25.95,21.43,22.05,22.85,21.18,16.92,15.82,
Brunei Darussalam,,0.56,0.8,1.09,1.74,2.23,2.42,3.1,4.45,5.22,5.58,5.89,4.97,6.81,7.38,8.3,8.6,9.68,11.53,12.51
Bulgaria,,,,,0.09,2.15,5.04,8.3,11.21,13.35,15.15,17.03,18.16,19.5,20.44,22.42,23.74,25.3,27,27.65
Burkina Faso,,,0,0,0,0,0.01,0.05,0.07,0.08,0.09,0.09,0.09,0.08,0.03,0.05,0.07,0.06,0.07,0.06
Burundi,,,,,,,,,0,0,0,0.01,0.01,0.02,0.02,0.03,0.03,0.04,0.04,0.03
Cabo Verde,,,,,0.06,0.2,0.39,0.81,1.53,2.25,3.26,4.28,3.93,4.14,3.68,3.16,2.93,2.79,2.88,3.22
Cambodia,,,0,0,0.01,0.01,0.02,0.06,0.12,0.21,0.25,0.15,0.2,0.22,0.43,0.54,0.62,0.83,1.02,1.12
Cameroon,,,,,,0,0,0,0,0,0.03,0.05,0.06,0.08,0.07,0.09,0.19,0.07,,0.77
Canada,4.61,9.18,11.27,14.33,17.02,21.78,24.72,27.56,29.52,30.49,31.68,32.67,33.47,34.27,35.24,36.4,36.79,37.91,38.96,39.78
Cayman Islands,,,,,,,,,32.56,33.07,33.27,32.51,32.78,33.93,38.57,44.36,39.21,49.28,,
Central African Rep.,,,,,,,,,,,,0.02,0.01,,,0.04,0.02,0.01,0.01,0.01
Chad,,,,,,,,,,0,0,0.13,0.15,0.11,0.07,0.08,0.04,,,
Chile,0.05,0.43,1.2,2.22,2.99,4.38,6.19,7.88,8.54,9.8,10.49,11.67,12.45,13.06,14.02,15.13,15.95,16.58,17.36,18.09
China,0,0.03,0.25,0.85,1.88,2.81,3.8,4.93,6.12,7.64,9.23,11.37,12.66,13.57,14.33,19.69,22.81,27.74,28.54,31.34
Cocos Keeling Islands,,,,,,,,,,,,,,,,,,,,
Colombia,0.02,0.03,0.09,0.16,0.3,0.75,1.45,2.76,4,4.73,5.84,7.33,8.55,9.76,10.71,11.63,12.27,12.94,13.45,13.81
Comoros,,,,,0,0,,0.01,0.02,0.01,0.05,0.06,0.17,0.18,0.21,0.21,0.21,0.2,0.18,0.13
Congo,,,,,,,,,,0,0.01,0.03,0.03,0.01,0.01,,,,,
Cook Islands,,,,0.17,0.21,0.28,1.91,4.54,6.48,7.88,9.11,12.09,12.99,15.14,,,,,,
Costa Rica,,,0.22,0.36,0.66,1.05,1.92,2.16,2.46,4.04,8.66,9.06,9.57,10.23,10.77,11.52,13.04,15.03,16.7,17.9
Croatia,,,,0.08,0.6,2.65,5.76,8.87,12.13,16.52,19.36,20.7,21.4,22.32,23.13,23.3,24.8,26.2,27.15,27.96
Cuba,,,,,,,,0.02,0.02,0.03,0.03,0.04,0.04,0.05,0.07,0.07,0.13,0.3,0.87,1.61
Curacao,,,,,,,,,,,,20.88,22.98,23.6,24.41,25.02,26.52,30.46,31.85,
Cyprus,,0.35,0.82,1.39,2.33,4.28,8.32,12.57,18.48,21.49,23.15,24.61,25.47,26.71,28.76,30.72,32.58,34.21,36.27,37.79
Czech Republic,0.02,0.06,0.15,0.34,2.3,6.91,10.8,14.45,16.88,19.41,21.46,23.75,25.11,26.98,28.28,27.79,28.91,29.57,30.22,33.54
Côte d'Ivoire,,,,0,0,0.01,0.05,0.05,0.05,0.05,,,0.21,0.25,0.56,0.47,0.57,0.58,0.7,0.84
Dem. People's Rep. of Korea,,,,,,,,,,,,,,,,,,,,
Dem. Rep. of the Congo,,,,,,,,,,,0,,,0,0,0,0,0,0.01,
Denmark,1.25,4.44,8.4,13.33,18.83,24.79,31.87,34.8,36.48,36.6,38.03,38.39,38.84,40.3,41.34,42.28,43.1,43.82,44.09,43.95
Djibouti,0,0,0,,,0.01,0.02,0.14,0.3,0.64,0.96,1.32,1.72,2,2.24,2.64,2.61,2.58,2.66,
Dominica,0.11,0.25,3.2,3.78,4.62,4.82,6.08,7.06,9.88,10.3,11.73,11.71,11.98,15.02,15.17,21.3,21.72,21.58,16.08,
Dominican Rep.,,,,0.17,0.42,0.67,1.12,1.86,2.53,3.3,4.03,4.32,4.87,5.24,5.9,6.67,7.38,7.48,7.48,8.25
Ecuador,,0.02,0.05,0.05,0.09,0.19,0.33,0.7,1.07,1.63,1.47,4.32,5.45,6.74,8.27,9.18,8.86,10.03,11.44,12.04
Egypt,,,0.07,0.08,0.11,0.19,0.34,0.61,0.97,1.33,1.75,2.18,2.65,3.03,3.39,4.14,4.73,5.43,6.69,7.57
El Salvador,,,,0.33,0.49,0.7,1.01,1.47,2.01,2.43,2.83,3.32,3.88,4.54,5.07,5.58,6.22,7.06,7.67,
Equatorial Guinea,,,,,,0.02,0.02,0.02,0.02,0.02,0.13,0.14,0.14,0.33,0.35,0.33,0.28,0.15,0.12,
Eritrea,,,,,,,,,0,0,0,0,0.01,0,0.01,0.01,0.02,0.03,,
Estonia,,1.26,3.36,6.58,10.17,13.22,18.29,19.71,21.99,23.47,26.12,26.28,26.41,27.36,28.19,29.67,31.48,32.47,33.35,33.88
Eswatini,,,,,,,,,0.07,0.14,0.34,0.75,0.32,0.39,0.47,0.54,0.63,0.71,,
Ethiopia,,,,0,0,0,0,0,0,0,0,0.01,0.01,0.25,0.48,0.47,0.54,0.06,,
Falkland (Malvinas) Is.,,,,,,,10.87,21.04,30.29,39.08,40.47,42.08,43.54,46.39,50.61,70.57,54.99,32.59,,
Faroe Islands,,0.11,0.24,0.83,6.58,12.3,27.47,30.24,31.11,33.22,33.84,33.58,34.12,34.87,36.2,37.03,37.31,37.33,37.49,
Fiji,,,,,,0.85,1.03,1.38,1.54,1.5,2.7,2.69,1.56,1.26,1.43,1.47,1.41,1.38,1.48,
Finland,0.67,2.58,5.25,9.4,15.26,22.33,27.08,30.52,30.42,29.31,29.06,29.8,30.43,31.63,32.2,31.56,31.14,31.03,31.45,32.48
France,0.33,1.01,2.77,5.92,10.81,15.5,20.67,25.46,28.66,31.74,33.93,35.98,37.73,39.03,40.45,41.68,42.8,43.92,44.78,45.69
French Guiana,,,,,,,,,,13.27,,,,,,,,,,
French Polynesia,,0.01,0.01,0.37,1.78,4.25,6.99,8.98,10.48,11.32,12.1,13.45,14.94,16.61,18.31,19.01,20.19,20.89,21.53,
Gabon,,,,0.01,0.05,0.11,0.12,0.13,0.14,0.24,0.25,0.27,0.29,0.49,0.57,0.57,0.75,0.72,1.37,
Gambia,,,,,0,0,,0.02,0.02,0.02,0.02,0.02,0.03,0.02,0.14,0.17,0.17,0.18,0.19,
Georgia,,0.01,0.02,0.03,0.04,0.06,0.64,1.12,2.71,3.64,4.45,6.09,11.39,12.77,14.89,15.8,16.96,19.48,21.54,23.56
Germany,0.33,2.58,3.93,5.48,8.57,13.22,18.38,24.3,28.01,30.86,32.37,33.71,34.53,35.28,36.31,37.55,38.76,40.22,41.11,41.99
Ghana,,,,,0,0.01,0.06,0.07,0.1,0.12,0.21,0.26,0.26,0.26,0.26,0.26,0.3,0.2,0.21,0.19
Gibraltar,,,,,,,,,,27.7,31.06,33.57,35.6,,38.55,46.17,48.62,51.51,57.04,56.29
Greece,,,,0.09,0.46,1.43,4.36,9.15,13.65,17.49,20.69,22.76,24.95,27.12,29.49,32.26,34.06,35.75,37.65,39.32
Greenland,,,,0.21,5.84,12.52,16.18,18.53,21.13,22.11,21.88,21.03,20.15,19.14,18.45,17.74,,21.27,23.32,25.42
Grenada,,,0.54,,0.58,3.08,5.28,7.23,8.49,11.69,13.59,13.74,14.89,16.64,17.27,18.03,18.88,20.05,24.21,22.84
Guadeloupe,,,,,,,,,,,,,,,,,,,,
Guam,,1.12,,,,,,1.7,1.7,1.88,1.88,,,1.87,1.86,,,,,
Guatemala,,,,,,0.21,0.29,0.42,0.67,1.09,1.77,,1.84,2.26,2.72,2.83,3.05,3.14,,
Guernsey,,,,,,,,,,,,,,,,,,,,
Guinea,,,,,,,,,,,0,0.01,0.01,0.01,0.01,0.01,0.01,0.01,0.01,0.01
Guinea-Bissau,,,,,,,,,,,0.05,0.06,0.07,0.09,0.08,0.06,0.05,0.05,0.06,0.06
Guyana,,,,,,0.27,,0.32,0.68,0.91,1.49,2.73,3.97,4.86,5.92,7,7.42,8.37,,
Haiti,,,,,,,,,,,,,0,0,0,0.01,0.01,0.27,0.28,
Honduras,,,,,,,,,,,0.01,0.68,0.71,0.78,1.76,2.17,2.38,2.53,3.7,4.01
"Hong Kong, China",6.73,10.75,15.5,18.86,22.5,24.51,26.41,27.76,28.12,29.65,31.12,32.81,32,31.53,31.97,32.67,36.25,36.38,36.83,37.49
Hungary,0.03,0.31,1.1,2.61,4.06,6.46,11.93,14.51,17.72,19.85,21.75,23.37,24.29,26.41,26.32,27.81,28.86,30.39,31.72,32.94
Iceland,0.84,3.68,8.51,14.44,19.16,26.45,29.27,32.78,34.1,33.88,34.09,34.5,34.83,35.9,36.41,37.68,38.54,39.95,40.56,40.78
India,,0,0.01,0.01,0.02,0.12,0.2,0.26,0.44,0.64,0.89,1.07,1.18,1.17,1.22,1.29,1.41,1.33,1.34,1.45
Indonesia,0,0.01,0.02,0.03,0.04,0.05,0.08,0.34,0.42,0.78,0.94,1.12,1.2,1.29,1.33,1.54,2,2.35,3.32,3.48
Iran (Islamic Republic of),0,0,0.02,0.03,,,0.14,0.28,0.42,0.55,1.34,2.84,5.04,6.75,7.93,8.42,9.56,10.66,11.99,10.4
Iraq,,,,,,,0,0,0,0,0.01,,,,,,,11.43,11.69,
Ireland,,,0.27,1.05,3.75,7.79,13.28,17.54,20.18,21.72,22.4,23.32,24.13,25.77,27.21,28.15,28.97,29.43,29.68,29.95
Israel,,0.72,3.76,10.08,15.32,18.83,21.27,22.32,23.99,23.96,23.98,25.1,25.44,25.9,27.13,27.24,27.85,28.41,29.05,29.12
Italy,0.2,0.69,1.49,3.91,8.15,11.71,14.51,17.23,19.14,20.45,22.08,22.69,22.99,23.29,23.81,24.6,25.66,27.34,28.14,28.7
Jamaica,,0.12,0.33,0.33,0.99,1.64,2.48,3.35,3.5,4.01,4.15,4.19,4.33,4.93,5.27,7.92,9.84,8.19,9.7,10.78
Japan,0.67,3,7.35,11.65,15.25,18.16,20.59,22.03,23.43,25.56,26.53,27.78,28.14,28.77,29.48,30.37,31.16,31.79,32.62,
Jersey,,,,,,,,,,,,,,,,,,,,
Jordan,,0.01,0.06,0.09,0.19,0.41,0.81,1.42,2.22,3.45,4.04,3.87,3.71,3.85,3.94,3.34,3.11,3.39,4.01,4.65
Kazakhstan,,,,0.01,0.01,0.02,0.2,1.72,2.13,3.6,5.35,7.24,9.77,11.5,12.41,13.09,13.18,14.25,13.44,13.21
Kenya,,,,,,0.01,0.05,0.05,0.01,0.04,0.02,0.13,0.12,0.16,0.22,0.28,0.27,0.57,0.72,0.93
Kiribati,,,,,,0.35,0.43,0.52,0.69,0.76,0.82,0.81,0.75,0.65,0.46,0.11,0.06,0.07,0.07,0.06
Korea (Rep. of),8.17,16.39,21.68,23.16,24.58,25.03,28.73,30,31.46,33.13,34.7,35.87,36.46,37.22,37.94,39.4,40.32,41.48,41.6,42.76
Kosovo,,,,,,,,,,,,,,,,,,,,
Kuwait,,0.24,0.49,0.6,0.91,1.1,1.26,1.4,1.51,1.6,1.54,1.48,1.4,1.33,1.3,1.43,2.56,2.9,2.51,2.01
Kyrgyzstan,,,0,0,0.04,0.05,0.05,0.06,0.36,0.33,0.43,0.71,0.97,2.38,2.92,3.55,3.97,4.17,3.98,4.19
Lao P.D.R.,,,,0,0,0.01,0.01,0.02,0.05,0.07,0.09,0.1,0.12,0.14,0.17,0.18,0.36,0.39,0.64,1.06
Latvia,0.01,0.14,0.43,0.85,2.16,2.7,4.93,15.4,18.98,21.2,20.52,21.85,23.01,24.25,24.98,25.2,26.3,26.97,27.28,26.69
Lebanon,,,0,0,0,0,0,1.05,2.1,4.09,6.68,7.73,8.6,8.12,18.08,,,,,6.13
Lesotho,,,,,0,0,,0.01,0.01,0.02,0.02,0.07,0.08,0.11,0.07,0.1,0.11,0.23,0.27,
Liberia,,,,,,,,,0,0,0,0,0.01,0.12,0.14,0.16,0.17,0.19,,
Libya,,,,,,,,,0.76,1.03,1.17,1.12,1.07,1.02,0.99,0.95,2.6,4.83,,
Liechtenstein,,,4.24,4.39,13.76,24.82,28.6,40.32,43.84,44.74,42.37,37.46,39.37,40.66,41.94,41.89,42.32,43,44.08,45.37
Lithuania,,0.07,0.58,1.96,3.82,7,11.16,17.15,18.37,20.01,21.75,23.6,25.25,27.79,26.99,28.42,29.68,28.07,28.16,28.69
Luxembourg,,0.28,1.31,3.43,8.08,15.31,21.25,27.1,29.5,31.44,33.15,32.69,31.97,32.53,33.69,34.46,35.06,36.26,37.12,37.37
"Macao, China",0.87,2.24,3.78,6.04,9.59,14.09,18.68,21.9,23.59,23.96,24.54,24.99,25.64,26.29,27.36,28.23,29.04,29.88,30.56,
Madagascar,,,,,,,0.01,0.01,0.02,0.02,0.03,0.03,0.14,0.17,0.11,0.1,0.11,0.1,0.1,
Malawi,,,,0,0,0,,0.01,0.01,0.01,0.01,0.01,0.01,0.06,0.05,0.03,0.05,0.06,0.06,0.06
Malaysia,,0.02,0.08,0.45,1,1.88,2.87,3.87,4.88,5.6,7.44,8.75,10.05,9.97,10.25,10.12,8.86,8.64,8.55,9.28
Maldives,,,0.06,0.17,0.23,1.02,1.92,3.1,4.47,4.35,4.25,4.64,4.55,4.9,4.56,5.09,6.16,7.36,9.13,9.94
Mali,,,,,,,0.02,0.02,0.04,0.06,0.05,0.05,0.03,0.02,,0.02,0.12,0.08,0.63,
Malta,0.42,2.31,4.43,5.67,9.34,12.7,13.03,20.59,23.98,27.62,30.39,30.81,32.18,33.56,35.23,37.64,39.27,41.4,43.67,45.24
Marshall Islands,,,,,,,,,,,,,,2.26,2.4,1.74,1.73,1.72,,
Martinique,,,,1.52,,,,1.51,1.51,1.51,1.52,,,,,,,,,
Mauritania,,,,,,0.01,0.03,0.12,0.18,0.2,0.17,0.17,0.18,0.2,0.2,0.24,0.27,0.3,0.3,0.24
Mauritius,,,0.02,0.1,0.21,0.44,2.27,2.85,4.24,5.86,7.53,9.45,11.23,12.94,14.47,15.67,16.85,19.45,21.64,
Mayotte,,,,,,,,,,,,,,,,,,,,
Mexico,0.02,0.05,0.23,0.42,1.01,1.81,2.81,4.13,6.8,8.57,9.28,10,11.15,10.73,10.83,12.11,12.91,13.62,14.55,15.03
Micronesia,,,,0.01,0.02,0.04,0.09,0.11,,,0.97,,,1.95,2.88,3.01,2.88,3.39,,
Moldova,,0.01,0.01,0.01,0.06,0.25,0.53,1.28,2.8,4.58,6.63,8.74,10.27,11.52,12.5,13.13,13.71,14.39,15.38,16.58
Monaco,2.49,8.19,14.95,19.71,22.7,28.07,32.17,35.63,37.28,38.04,38.75,44.19,44.59,45.79,47.69,48.66,48.89,50.16,51.24,52.55
Mongolia,,0,0,0.02,0.04,0.07,0.14,0.29,1.24,1.5,2.82,3.39,3.9,4.85,6.71,6.94,7.4,9.16,9.66,9.84
Montenegro,,,,,,1.24,,2.88,6.4,9.52,10.36,10.35,14.02,15.28,16.57,17.93,18.31,21.9,25.33,28.47
Montserrat,,,,,,,0.9,1.02,0.2,0.41,1.02,6.1,12.17,24.27,54.47,,,,,
Morocco,,,0.01,0.01,0.21,0.82,1.27,1.53,1.56,1.5,1.56,1.82,2.07,2.5,2.91,3.31,3.57,3.88,4.31,4.8
Mozambique,,,,,,,0.01,0.03,0.05,0.06,0.07,0.12,0.12,0.11,0.14,0.16,0.17,0.22,0.24,
Myanmar,,,,,,0,0.01,0.01,0.02,0.05,0.05,0.04,,,,0.06,0.17,0.21,0.24,
Namibia,,,,,,0.01,0.01,0.01,0.02,0.02,0.45,0.82,1.1,1.6,1.81,3.04,2.73,2.74,2.53,2.54
Nauru,,,,,,,,,,,9.5,,,,,,,,,
Nepal (Republic of),,,,,,,0,0.04,0.05,0.06,0.22,0.35,0.85,1.16,0.93,1.12,0.82,1.82,2.82,
Netherlands,1.63,2.91,7.27,12.27,19.68,25.05,31.58,33.36,35.04,36.86,37.94,38.82,39.63,40.32,40.56,41.5,42.53,42.83,43.42,43.63
New Caledonia,,0.06,0.31,0.73,2.21,4.06,6.5,8.35,10.32,13.24,15.07,16.64,18.38,20.28,21.77,20.43,,,,
New Zealand,0.12,0.44,1.1,2.06,4.7,7.76,11.23,20.15,21.39,23.65,24.99,26.66,28.47,29.12,30.87,31.44,32.85,33.67,34.72,
Nicaragua,0.01,0.03,0.04,0.08,0.09,0.19,0.35,0.49,0.76,1.37,1.26,1.44,1.69,2.17,1.81,1.87,2.81,3.29,2.98,3.31
Niger,,,,,0,0,0,0,0,0.01,0.01,0.01,0.02,0.03,0.16,0.14,0.04,0.04,,
Nigeria,,,,,,0,,0.04,0.05,0.05,0.06,,0.01,0.01,0.01,0.01,0.06,0.06,0.04,
Niue,,,,,,,,,,,,,,,,,,,,
Norfolk Islands,,,,,,,,,,,,,,,,,,,,
North Macedonia,,,,,,0.6,1.77,4.87,8.76,11.25,12.5,13.59,15.05,16.3,17.04,17.53,18.34,19.03,20.55,21.33
Northern Marianas,,,,,,,,,,,,,,,,,,,,
Norway,0.52,1.96,4.52,8.73,14.61,21.4,26.63,30.88,33.06,34.56,35.27,36.09,37.05,37.62,38.45,39.43,40.13,40.88,41.34,
Oman,,,0,0.01,0.03,0.53,0.78,0.76,1.18,1.43,1.93,2.41,3.24,4.1,4.4,5.47,6.35,7.48,9.17,10.24
Pakistan,,,,,,0.01,0.02,0.03,0.1,0.22,0.44,0.64,0.81,0.85,1.03,0.9,0.81,0.88,0.85,0.81
Palau,,,,,0.37,0.51,0.5,0.53,0.59,0.78,1.33,2.92,5.09,10.25,6.3,6.93,,,,
Palestine,,,,,0,0.21,0.74,1.48,,,,3.76,4.39,4.92,5.31,6.06,6.92,7.58,7.49,
Panama,,0.25,0.39,0.47,0.51,0.53,3.32,4.35,5.58,6.55,7.09,7.63,7.82,8.01,7.95,7.97,10.65,10.74,12.93,13.53
Papua New Guinea,,,,,,,,,0.04,0.06,0.08,0.1,0.12,0.15,0.17,0.19,0.21,0.21,,
Paraguay,0,0.01,0.01,0.01,0.05,0.1,0.1,0.14,0.21,1.26,1.43,1.9,2.12,2.41,2.81,3.22,3.64,4.23,4.61,
Peru,0,,0.14,0.34,0.82,1.27,1.73,2.01,2.54,2.87,3.21,4.14,4.89,5.42,5.87,6.56,6.86,7.35,7.93,
Philippines,,0.01,0.03,0.07,0.11,0.14,0.3,0.55,1.15,1.86,,1.87,2.21,2.6,2.89,2.84,2.88,3.23,3.68,3.87
Poland,,0.03,0.32,0.51,2.28,2.46,7.59,10.88,11.63,14.59,15.28,18.21,18.02,18.43,18.99,19.1,19.29,20.11,20.7,20.58
Portugal,0.24,0.96,2.51,4.81,8.01,11.09,13.5,14.44,15.44,18.03,20.07,21.22,22.71,24.48,27.43,30.31,32.69,34.74,36.9,38.8
Puerto Rico,,0.07,0.62,1.49,2.37,3.26,4.15,5.04,11.82,13.35,15.41,15.68,16.21,17.17,17.67,20.83,20.92,20.86,20.04,20.79
Qatar,,,0.04,0.44,1.45,2.96,4.57,7.2,7.39,8.75,7.85,8.09,8.43,9.22,9.17,9.27,9.56,9.42,9.63,10.05
Romania,,0.03,0.07,0.9,0.48,1.76,5.13,9.28,12.09,13.63,14.66,16.14,17.51,18.83,20.05,21.39,22.48,24.19,26.08,27.25
Russian Federation,,,0.01,0.24,0.47,1.11,2.02,3.42,6.48,9,10.94,12.27,14.53,16.45,17.25,18.54,18.95,21.37,22,22.64
Rwanda,,,,,0.01,0.01,0.02,0.03,0.01,0.02,0.04,0.08,0.05,0.03,0.03,0.19,0.19,0.18,0.06,0.07
Réunion,,,,4.12,7.23,,,16.19,19.07,22.46,,,,,,,,,,
Saint Kitts and Nevis,,,1.11,4.37,9.5,13.87,18.59,20.09,23.04,26.75,29.79,25.48,26.06,26.43,27.61,31.98,27.46,56.24,55.82,
Saint Lucia,,,,0.87,2.35,4.28,4.34,6.61,9.13,10.79,11.77,12.16,13.91,13.92,15.82,15.87,16.55,17.59,17.74,
Saint Vincent and the Grenadines,,0.08,1,1.06,1.22,3.36,5.17,7.35,8.64,10.63,11.55,12.23,12.56,13.44,13.52,15.54,19.98,17.55,22.33,19.52
Samoa,,,,,0.02,0.04,0.05,0.07,0.09,0.11,0.11,,0.57,0.65,1.05,1.08,1.11,0.87,,
San Marino,,,,2.1,3.72,4.16,4.98,5.32,16.1,17.67,19.19,20.65,30.84,31.43,35.51,34.99,35.82,31.18,32.14,32.73
Sao Tome and Principe,,,,,,,0.08,0.19,0.2,0.25,0.32,0.4,0.41,0.51,0.56,0.66,0.7,0.71,0.74,0.76
Saudi Arabia,,0.07,0.16,0.2,0.3,0.28,0.89,2.47,4.05,5.4,6.24,6.9,8.71,,,19.97,19.72,20.1,20.24,19.85
Senegal,,,0.01,0.02,0.07,0.16,0.25,0.33,0.39,0.48,0.62,0.71,0.71,0.77,0.73,0.69,0.66,0.73,0.82,0.93
Serbia,,,,,,0.36,1.33,3.58,5.05,6.55,9.56,10.83,11.9,13.16,13.39,14.87,16.39,16.77,17.63,18.5
Seychelles,,,,,0.4,1.07,2.76,3.88,3.78,5.02,7.44,10.24,11.42,13.29,12.55,14.13,14.66,15.79,20.29,27.6
Sierra Leone,,,,,,,,,,,,,,,,,,,,
Singapore,1.71,3.7,6.58,10.1,13.05,15.38,17.9,20.22,22.43,24.84,26.08,26.75,26.68,27.38,26.68,26.58,28.16,25.85,25.94,25.81
Slovakia,,,0.08,0.42,1.46,3.36,5.64,10.13,11.2,14.35,16.23,17.62,19.31,20.46,21.94,23.43,24.56,25.79,27.65,29.05
Slovenia,,0.28,2.85,2.92,5.78,9.86,13.97,17.13,21.02,22.08,23.03,24.1,24.75,25.43,26.88,27.47,28.41,28.98,29.49,30.21
Solomon Islands,,,,,0.04,0.1,0.14,0.2,0.3,0.39,0.48,0.45,0.38,0.33,0.23,0.24,0.26,0.18,0.23,0.16
Somalia,,,,,,,,,,,,,0.31,0.46,0.52,0.59,0.65,0.67,,
South Africa,,,0.01,0.04,0.13,0.35,0.69,0.77,0.86,0.95,1.45,1.74,2.1,3.01,3.13,2.54,2.05,1.97,1.92,2.14
South Sudan,,,,,,,,,,,0,0,0,0,0,0,0,0,0,
Spain,0.19,1.13,2.98,4.98,7.85,11.44,15.07,17.73,19.83,21.04,22.7,23.72,24.49,26.11,27.8,29.02,30.26,31.44,32.5,33.36
Sri Lanka,,0,0,0.02,0.11,0.11,0.12,0.32,0.51,0.84,1.13,1.76,1.72,2.05,2.73,2.99,4.24,5.78,7.27,
St. Helena,,,,0.05,0.22,0.28,0.3,0.39,4.36,8.07,10.36,15.13,5.21,19.82,21.69,22.8,22.62,16.64,,
St. Maarten,,,,,,,,,,,,,,,,,,,,
St. Pierre & Miquelon,,,,,,,,,,,,,,,,,,,,
Sudan,,,,,0,0,0.01,0.1,0.11,,0.04,0.05,0.07,0.07,0.05,0.07,0.07,0.07,0.08,
Suriname,,,0.02,0.04,0.09,0.22,0.53,0.82,1.11,1.73,2.86,4.33,5.41,6.78,8.39,9.42,12.61,12.48,12.7,13.82
Sweden,2.8,6.6,9.42,12.23,15.68,27.9,27.36,30.34,31.43,31.62,31.94,31.98,32.2,32.73,33.86,35.8,37.41,39.03,39.85,39.8
Switzerland,0.79,1.95,6.3,10.78,16.76,22.6,27.49,31.59,33.53,35.54,37.31,38.93,40.11,42.4,43.09,44.6,45.06,46.32,45.56,45.21
Syrian Arab Republic,,,,,0,0.01,0.03,0.03,0.05,0.16,0.33,0.58,1.18,1.77,2.68,4.05,5.78,8.32,7.84,8.73
"Taiwan, Province of China",1.04,5.12,9.43,13.57,16.62,19.12,19.74,20.89,21.83,21.63,22.91,23.71,27.62,29.94,31.66,24.01,24.07,24.13,24.13,24.53
Tajikistan,,,,0,,,,0.05,0.05,0.06,0.06,0.07,0.07,0.07,0.07,0.07,0.07,0.07,,
Tanzania,,,,,,0.01,0.01,0.01,0.02,0.02,0.02,0.06,0.09,0.12,0.17,0.21,0.6,1.4,1.53,1.78
Thailand,,0,,0.02,0.25,0.85,1.36,1.95,3.12,3.92,4.84,5.77,6.66,7.62,7.95,9.07,10.47,11.86,13.24,14.52
Timor-Leste,,,,0,0,0,0,0,0.01,0.04,0.05,0.05,0.05,0.06,0.09,0.09,0.05,0.05,0.05,0.05
Togo,,,,,,,,0.02,0.03,0.07,0.42,0.52,0.61,0.1,0.18,0.9,0.65,0.66,0.33,0.39
Tokelau,,,,,,,,,,,,,,,,,,,,
Tonga,,,0.01,0.02,0.33,0.64,0.62,0.76,0.7,0.96,1.06,1.26,1.46,1.67,1.78,2.44,2.97,2.94,2.44,3.54
Trinidad and Tobago,,,0.01,0.07,0.33,0.83,1.58,2.71,6.5,9.85,12.26,12.9,14.98,15.7,18.21,20.33,18.55,23.61,24.62,24.71
Tunisia,,,0,0,0.03,0.17,0.43,0.93,2.18,3.54,4.53,5.21,4.86,4.75,5.13,5.13,5.66,7.01,8.77,10.2
Turkey,,0.02,0.03,0.3,0.86,2.34,4.03,6.83,8.18,9.04,9.81,10.34,10.54,11.71,11.48,12.1,13.15,14.7,16.28,17.06
Turkmenistan,,,,,,,,,0,0.01,0.01,0.02,0.03,0.03,0.04,0.05,0.07,0.09,,
Turks & Caicos Is.,,,,,,,,,,,,,,,,,,,,
Tuvalu,,,,,0.51,1.5,2.47,2.64,2.81,0.96,2.28,4.23,4.19,4.14,4.1,4.05,4.01,3.96,,
Uganda,,,,,,0,0,0.01,0.02,0.02,0.04,0.11,0.11,0.12,0.15,0.21,0.23,,,
Ukraine,,,,,,0.28,1.12,1.72,3.46,4.15,6.45,6.96,8.04,8.86,9.31,11.64,12.03,12.35,12.8,16.16
United Arab Emirates,0.06,0.25,0.48,0.82,1.38,2.82,4.54,6.16,7.86,8.72,9.2,9.69,10.45,11.33,11.85,13.33,13.86,29.11,31.4,31.17
United Kingdom,0.09,0.56,2.29,5.23,10.23,16.42,21.4,25.39,27.85,28.45,30.18,32.16,33.61,35.45,36.27,37.48,38.38,39.03,39.6,
Uruguay,,,,,0.81,1.46,3.21,4.95,7.32,9.48,11.42,14.04,17.18,21.75,24.71,26.4,26.92,27.74,28.34,29.25
Uzbekistan,,,,0.01,0.02,0.03,0.03,0.07,0.24,0.32,0.41,0.51,0.75,1.02,2.7,5.78,8.73,10.39,12.7,13.94
Vanuatu,,,,0.01,0.01,0.03,0.04,0.06,0.09,0.22,0.21,0.14,0.12,0.12,1.73,1.58,1.58,,,
Vatican,,,,,,,,,,,,,,,,,,,,
Venezuela,0.02,0.15,0.31,0.46,0.81,1.35,2,3.15,4.04,5,5.88,6.29,6.94,7.5,7.99,8.61,8.76,8.87,9.02,8.98
Viet Nam,,,0,0.01,0.06,0.25,0.61,1.52,2.38,3.69,4.17,4.32,5.32,5.68,6.54,8.26,9.72,11.91,13.6,15.35
Virgin Islands (US),,,,,1.37,2.75,,5.54,6.95,8.46,8.58,,,8.64,8.66,8.57,,,,
Wallis and Futuna,,,,,,,,1.59,5.09,6.73,8.36,9.07,9.51,10.24,11.15,8.15,,,,
Yemen,,,,,,0.01,0.01,0.05,0.12,0.24,0.36,0.46,0.68,1.02,1.32,1.49,1.02,1.33,1.36,
Zambia,0,0,0,0,0,0,0.02,0.03,0.04,0.08,0.08,0.12,0.1,0.09,0.13,0.15,0.19,0.21,0.42,0.5
Zimbabwe,,0.01,0.02,0.05,0.07,0.08,0.08,0.12,0.15,0.38,0.26,0.26,0.55,0.78,1.12,1.19,1.22,1.32,1.41,1.4
Canada,4.61,9.18,11.27,14.33,17.02,21.78,24.72,27.56,29.52,30.49,31.68,32.67,33.47,34.27,35.24,36.4,36.79,37.91,38.96,39.78